-- phpMyAdmin SQL Dump
-- version 5.2.1
-- https://www.phpmyadmin.net/
--
-- Servidor: 127.0.0.1
-- Tiempo de generaci贸n: 09-05-2024 a las 18:15:57
-- Versi贸n del servidor: 10.4.28-MariaDB
-- Versi贸n de PHP: 8.2.4

SET SQL_MODE = "NO_AUTO_VALUE_ON_ZERO";
START TRANSACTION;
SET time_zone = "+00:00";


/*!40101 SET @OLD_CHARACTER_SET_CLIENT=@@CHARACTER_SET_CLIENT */;
/*!40101 SET @OLD_CHARACTER_SET_RESULTS=@@CHARACTER_SET_RESULTS */;
/*!40101 SET @OLD_COLLATION_CONNECTION=@@COLLATION_CONNECTION */;
/*!40101 SET NAMES utf8mb4 */;

--
-- Base de datos: `greennet`
--

-- --------------------------------------------------------

--
-- Estructura de tabla para la tabla `comments`
--

CREATE TABLE `comments` (
  `ID_comment` int(11) NOT NULL,
  `Content` text NOT NULL,
  `Date` datetime NOT NULL,
  `ID_user` int(11) NOT NULL,
  `ID_publication` int(11) NOT NULL
) ENGINE=InnoDB DEFAULT CHARSET=utf8mb4 COLLATE=utf8mb4_general_ci;

--
-- Volcado de datos para la tabla `comments`
--

INSERT INTO `comments` (`ID_comment`, `Content`, `Date`, `ID_user`, `ID_publication`) VALUES
(4, 'Me encanta', '2024-05-07 19:48:54', 2, 5);

-- --------------------------------------------------------

--
-- Estructura de tabla para la tabla `publication`
--

CREATE TABLE `publication` (
  `ID_publication` int(11) NOT NULL,
  `Title` varchar(50) NOT NULL,
  `Content` text NOT NULL,
  `Date` text NOT NULL,
  `Active` int(15) NOT NULL,
  `ID_user` int(11) NOT NULL,
  `ID_topic` int(11) NOT NULL,
  `Image` text DEFAULT NULL
) ENGINE=InnoDB DEFAULT CHARSET=utf8mb4 COLLATE=utf8mb4_general_ci;

--
-- Volcado de datos para la tabla `publication`
--

INSERT INTO `publication` (`ID_publication`, `Title`, `Content`, `Date`, `Active`, `ID_user`, `ID_topic`, `Image`) VALUES
(1, 'HOLA MUNDO', 'Este es mi primer post, me alegra estar aqui', '10-04-2024 10:20 a.m.', 1, 2, 17, NULL),
(2, 'NATURALEZA PRECIOSA', 'El rescostarse debajo de un 谩rbol y disfrutar de la sombra y el viento, es algo tan simple pero tan genial. 驴Porqu茅 no proteger esto tan grandioso?', '12-04-2024 11:30 p.m.', 1, 3, 15, NULL),
(3, '驴EDUCACIN O ADOCTRINAMIENTO?', '驴El sistema educativo actual es de calidad o en realidad dirige a un adoctrinamiento para ser un empleado m谩s?, Algo cuestionable desde hace tiempo es el hecho de que en la educaci贸n no hay materias tales como la Educaci贸n Financiera', '16-04-2024 07:30 p.m.', 1, 2, 4, NULL),
(4, 'SIMPLEMENTE HERMOSO', 'Amo correr en un campo abierto, sentirme libre y sin preocupaciones, simplemente es algo que causa un sentimiento satisfactorio', ' 25-04-2024 10:35 am', 1, 3, 15, NULL),
(5, 'CALOR サ', 'Cada a帽o hace m谩s calor', ' 02-05-2024 06:35 pm', 1, 4, 13, NULL),
(6, '隆TRABAJO DECENTE!', 'Toda la vida se ha o铆do hablar sobre que en los trabajos no dan las condiciones decentes para desempe帽arse laboralmente, incluyendo que los salarios no son buenos. ', ' 05-05-2024 06:39 pm', 1, 5, 8, '_ececc4fd-bf07-40fd-b4f8-57989c4f1cbb.jpeg'),
(7, 'De Basura a Energ铆a', 'Con los residuos s贸lidos urbanos se puede generar energ铆a t茅rmica (agua o aire caliente y vapor), energ铆a el茅ctrica e incluso mec谩nica mediante el uso de biocarburantes en motores de combusti贸n interna mediante el procedimiento apropiado de transformaci贸n.', ' 05-05-2024 07:58 pm', 1, 2, 7, 'basura_a_energia.jpg'),
(8, 'El amor no es de a ratos', 'El amor debe de ser y estar durante todas las estaciones, no solo en primavera cuando m谩s florece, si no tambi茅n en verano, cuando m谩s cansancio se siente por el calor, tambi茅n en oto帽o, cuando todas esas hojas y flores hermosas se han ido, y en invierno, cuando m谩s calor se necesita', ' 07-05-2024 09:58 am', 1, 2, 15, 'estaciones.gif');

-- --------------------------------------------------------

--
-- Estructura de tabla para la tabla `reactions_comments`
--

CREATE TABLE `reactions_comments` (
  `ID_reaction` int(11) NOT NULL,
  `ID_user` int(11) NOT NULL,
  `ID_type` int(11) NOT NULL,
  `ID_comment` int(11) NOT NULL,
  `Date` date NOT NULL
) ENGINE=InnoDB DEFAULT CHARSET=utf8mb4 COLLATE=utf8mb4_general_ci;

-- --------------------------------------------------------

--
-- Estructura de tabla para la tabla `reactions_publications`
--

CREATE TABLE `reactions_publications` (
  `ID_reaction` int(11) NOT NULL,
  `ID_user` int(11) NOT NULL,
  `ID_type` int(11) NOT NULL,
  `ID_publication` int(11) NOT NULL,
  `Date` date NOT NULL
) ENGINE=InnoDB DEFAULT CHARSET=utf8mb4 COLLATE=utf8mb4_general_ci;

-- --------------------------------------------------------

--
-- Estructura de tabla para la tabla `reaction_type`
--

CREATE TABLE `reaction_type` (
  `ID_type` int(11) NOT NULL,
  `Type` varchar(50) NOT NULL,
  `Description` varchar(255) DEFAULT NULL
) ENGINE=InnoDB DEFAULT CHARSET=utf8mb4 COLLATE=utf8mb4_general_ci;

--
-- Volcado de datos para la tabla `reaction_type`
--

INSERT INTO `reaction_type` (`ID_type`, `Type`, `Description`) VALUES
(1, 'Like', 'Like que nos brinda informacion sobre a quienes les gusta la publicacion'),
(2, 'Me enoja', 'Reaccion que nos permite saber a quienes les enoja la publicacion o post'),
(3, 'Me entristece', 'Reaccion que nos permite saber a que usuarios les hace sentir tristeza sobre la publicacion'),
(4, 'Me asombra', 'Reaccion que nos brinda informacion sobre a que usuarios les asombra la publicacion'),
(5, 'Me divierte ', 'Reaccion que nos permite saber si a el usuario le divierte la publicacion '),
(6, 'Me encanta', 'Reaccion que nos permite saber si a los usuarios les encanta la publicacion');

-- --------------------------------------------------------

--
-- Estructura de tabla para la tabla `role`
--

CREATE TABLE `role` (
  `ID_Role` int(11) NOT NULL,
  `Position` varchar(30) NOT NULL,
  `Description` varchar(255) DEFAULT NULL
) ENGINE=InnoDB DEFAULT CHARSET=utf8mb4 COLLATE=utf8mb4_general_ci;

--
-- Volcado de datos para la tabla `role`
--

INSERT INTO `role` (`ID_Role`, `Position`, `Description`) VALUES
(1, 'Administrador', 'Administrador del foro'),
(2, 'Usuario', 'Usuario normal del foro');

-- --------------------------------------------------------

--
-- Estructura de tabla para la tabla `topics`
--

CREATE TABLE `topics` (
  `ID_topic` int(11) NOT NULL,
  `Name` varchar(50) NOT NULL,
  `Description` text DEFAULT NULL,
  `ID_user` int(11) DEFAULT NULL
) ENGINE=InnoDB DEFAULT CHARSET=utf8mb4 COLLATE=utf8mb4_general_ci;

--
-- Volcado de datos para la tabla `topics`
--

INSERT INTO `topics` (`ID_topic`, `Name`, `Description`, `ID_user`) VALUES
(1, '1.Fin de la pobreza', 'El Objetivo 1 de Desarrollo Sostenible (ODS) se centra en erradicar la pobreza, busca poner fin a la pobreza en todas sus formas en todo el mundo.', 1),
(2, '2.Hambre cero', 'El Objetivo 2 de Desarrollo Sostenible (ODS) tiene de meta poner fin al hambre.', 1),
(3, '3.Salud y bienestar', 'El Objetivo 3 de Desarrollo Sostenible (ODS) se centra en garantizar una vida sana y promover el bienestar para todos en todas las edades.', 1),
(4, '4.Educaci贸n de calidad', 'El Objetivo 4 de Desarrollo Sostenible (ODS) se trata sobre garantizar una educaci贸n inclusiva, equitativa y de calidad y promover oportunidades de aprendizaje durante toda la vida para todos.', 1),
(5, '5.Igualdad de g茅nero', 'El Objetivo 5 de Desarrollo Sostenible (ODS) habla sobre lograr la igualdad entre los g茅neros y empoderar a todas las mujeres y las ni帽as, siendo que son las m谩s afectadas por la desigualdad, de igual manera erradicar la desigualdad que afecta a hombres y ni帽os.', 1),
(6, '6.Agua limpia y saneamiento', 'El Objetivo 6 de Desarrollo Sostenible (ODS) se centra en garantizar la disponibilidad de agua y su gesti贸n sostenible y el saneamiento para todos.', 1),
(7, '7.Energ铆a asequible y no contaminante', 'El Objetivo 7 de Desarrollo Sostenible (ODS) se centra en la energ铆a asequible y no contaminante. Su objetivo es garantizar el acceso a una energ铆a asequible, segura, sostenible y moderna para todos.', 1),
(8, '8.Trabajo decente y crecimiento econ贸mico', 'El Objetivo 8 de Desarrollo Sostenible (ODS) intenta promover el crecimiento econ贸mico inclusivo y sostenible, el empleo y el trabajo decente para todos.', 1),
(9, '9.Industria, innovaci贸n e infraestructuras ', 'El Objetivo 9 de Desarrollo Sostenible (ODS) busca construir infraestructuras resilientes, promover la industrializaci贸n sostenible y fomentar la innovaci贸n.', 1),
(10, '10.Reducci贸n de las desigualdades', 'El Objetivo 10 de Desarrollo Sostenible (ODS) recae en reducir la desigualdad en y entre los pa铆ses.', 1),
(11, '11.Ciudades y comunidades sostenibles', 'El Objetivo 11 de Desarrollo Sostenible (ODS) se basa en lograr que las ciudades sean m谩s inclusivas, seguras, resilientes y sostenibles.', 1),
(12, '12.Producci贸n y consumo responsables', 'El Objetivo 12 de Desarrollo Sostenible (ODS) se centra en garantizar modalidades de consumo y producci贸n sostenibles.', 1),
(13, '13.Acci贸n por el clima', 'El Objetivo 13 de Desarrollo Sostenible (ODS) se centra en la acci贸n por el clima. Su objetivo es adoptar medidas urgentes para combatir el cambio clim谩tico y sus efectos.', 1),
(14, '14.Vida submarina', 'El Objetivo 14 de Desarrollo Sostenible (ODS) se centra en conservar y utilizar sosteniblemente los oc茅anos, los mares y los recursos marinos.', 1),
(15, '15.Vida de ecosistemas terrestres', 'El Objetivo 15 de Desarrollo Sostenible (ODS) se centra en la vida de los ecosistemas terrestres. Su objetivo es gestionar sosteniblemente los bosques, luchar contra la desertificaci贸n, detener e invertir la degradaci贸n de las tierras y detener la p茅rdida de biodiversidad.', 1),
(16, '16.Paz, justicia e instituciones s贸lidas', 'El Objetivo 16 de Desarrollo Sostenible (ODS) busca promover sociedades justas, pac铆ficas e inclusivas.', 1),
(17, '17.Alianzas para lograr los objetivos', 'El Objetivo 16 de Desarrollo Sostenible (ODS) consiste en revitalizar la Alianza Mundial para el Desarrollo Sostenible.', 1);

-- --------------------------------------------------------

--
-- Estructura de tabla para la tabla `user`
--

CREATE TABLE `user` (
  `ID_user` int(11) NOT NULL,
  `Username` varchar(50) NOT NULL,
  `Password` varchar(60) NOT NULL,
  `Email` varchar(255) NOT NULL,
  `Biography` text DEFAULT NULL,
  `ID_Role` int(11) NOT NULL
) ENGINE=InnoDB DEFAULT CHARSET=utf8mb4 COLLATE=utf8mb4_general_ci;

--
-- Volcado de datos para la tabla `user`
--

INSERT INTO `user` (`ID_user`, `Username`, `Password`, `Email`, `Biography`, `ID_Role`) VALUES
(1, 'Administrador', '$2y$10$4frjVF590gCcjcf4mcHZyOtSqy4KFIrzm8/HgCqm4V26NSzHbgWFK', 'admin@greennet.com', NULL, 1),
(2, 'Wolfkarl', '$2y$10$tFbURbIWv7uC83aTJUryFOK1OWX7qP/92UDKCAXX/Qwv//gTqbidy', 'karlarmlp@gmail.com', NULL, 2),
(3, 'Alan VP', '$2y$10$lWeAGCYjB6tLNnBnOjglcewQles9D3IQu5PPdInRFgfXHbHxlo5YK', 'avargas39@ucol.mx', NULL, 2),
(4, 'Gabito', '$2y$10$g/Frv7pxE2QkrYrkjlwBFelz/1AxOXGMAs6mbyCR9QLMakbz8eF/W', 'lramirez68@ucol.mx', NULL, 2),
(5, 'Saul Bus', '$2y$10$qVdFwt/JkoG6bgMoPj.H4O1RKy2HDUiLoP/LHIbq6FBMcBrGTKJ9W', 'zaulbushta@gmail.com', NULL, 2),
(26, 'AGUA DE SABORES', '$2y$10$8t1xnX2tqnu94ly/jmtNW.IJaUTql5rjcgBkgWG5aEEP4luUUlcte', 'karlarm22lp@gmail.com', NULL, 2);

--
-- ndices para tablas volcadas
--

--
-- Indices de la tabla `comments`
--
ALTER TABLE `comments`
  ADD PRIMARY KEY (`ID_comment`),
  ADD KEY `comments_ibfk_1` (`ID_publication`),
  ADD KEY `comments_ibfk_2` (`ID_user`);

--
-- Indices de la tabla `publication`
--
ALTER TABLE `publication`
  ADD PRIMARY KEY (`ID_publication`),
  ADD KEY `publication_ibfk_1` (`ID_user`),
  ADD KEY `publication_ibfk_2` (`ID_topic`);

--
-- Indices de la tabla `reactions_comments`
--
ALTER TABLE `reactions_comments`
  ADD PRIMARY KEY (`ID_reaction`),
  ADD KEY `reactions_comments_ibfk_1` (`ID_user`),
  ADD KEY `reactions_comments_ibfk_2` (`ID_type`),
  ADD KEY `reactions_comments_ibfk_3` (`ID_comment`);

--
-- Indices de la tabla `reactions_publications`
--
ALTER TABLE `reactions_publications`
  ADD PRIMARY KEY (`ID_reaction`),
  ADD KEY `reactions_publications_ibfk_1` (`ID_user`),
  ADD KEY `reactions_publications_ibfk_2` (`ID_type`),
  ADD KEY `reactions_publications_ibfk_3` (`ID_publication`);

--
-- Indices de la tabla `reaction_type`
--
ALTER TABLE `reaction_type`
  ADD PRIMARY KEY (`ID_type`);

--
-- Indices de la tabla `role`
--
ALTER TABLE `role`
  ADD PRIMARY KEY (`ID_Role`);

--
-- Indices de la tabla `topics`
--
ALTER TABLE `topics`
  ADD PRIMARY KEY (`ID_topic`),
  ADD KEY `topics_ibfk_1` (`ID_user`);

--
-- Indices de la tabla `user`
--
ALTER TABLE `user`
  ADD PRIMARY KEY (`ID_user`),
  ADD KEY `user_ibfk_1` (`ID_Role`);

--
-- AUTO_INCREMENT de las tablas volcadas
--

--
-- AUTO_INCREMENT de la tabla `comments`
--
ALTER TABLE `comments`
  MODIFY `ID_comment` int(11) NOT NULL AUTO_INCREMENT, AUTO_INCREMENT=5;

--
-- AUTO_INCREMENT de la tabla `publication`
--
ALTER TABLE `publication`
  MODIFY `ID_publication` int(11) NOT NULL AUTO_INCREMENT, AUTO_INCREMENT=81;

--
-- AUTO_INCREMENT de la tabla `reactions_comments`
--
ALTER TABLE `reactions_comments`
  MODIFY `ID_reaction` int(11) NOT NULL AUTO_INCREMENT;

--
-- AUTO_INCREMENT de la tabla `reactions_publications`
--
ALTER TABLE `reactions_publications`
  MODIFY `ID_reaction` int(11) NOT NULL AUTO_INCREMENT, AUTO_INCREMENT=28;

--
-- AUTO_INCREMENT de la tabla `reaction_type`
--
ALTER TABLE `reaction_type`
  MODIFY `ID_type` int(11) NOT NULL AUTO_INCREMENT, AUTO_INCREMENT=7;

--
-- AUTO_INCREMENT de la tabla `role`
--
ALTER TABLE `role`
  MODIFY `ID_Role` int(11) NOT NULL AUTO_INCREMENT, AUTO_INCREMENT=3;

--
-- AUTO_INCREMENT de la tabla `topics`
--
ALTER TABLE `topics`
  MODIFY `ID_topic` int(11) NOT NULL AUTO_INCREMENT, AUTO_INCREMENT=18;

--
-- AUTO_INCREMENT de la tabla `user`
--
ALTER TABLE `user`
  MODIFY `ID_user` int(11) NOT NULL AUTO_INCREMENT, AUTO_INCREMENT=29;

--
-- Restricciones para tablas volcadas
--

--
-- Filtros para la tabla `comments`
--
ALTER TABLE `comments`
  ADD CONSTRAINT `comments_ibfk_1` FOREIGN KEY (`ID_publication`) REFERENCES `publication` (`ID_publication`) ON DELETE CASCADE ON UPDATE CASCADE,
  ADD CONSTRAINT `comments_ibfk_2` FOREIGN KEY (`ID_user`) REFERENCES `user` (`ID_user`) ON DELETE CASCADE ON UPDATE CASCADE;

--
-- Filtros para la tabla `publication`
--
ALTER TABLE `publication`
  ADD CONSTRAINT `publication_ibfk_1` FOREIGN KEY (`ID_user`) REFERENCES `user` (`ID_user`) ON DELETE CASCADE ON UPDATE CASCADE,
  ADD CONSTRAINT `publication_ibfk_2` FOREIGN KEY (`ID_topic`) REFERENCES `topics` (`ID_topic`) ON DELETE CASCADE ON UPDATE CASCADE;

--
-- Filtros para la tabla `reactions_comments`
--
ALTER TABLE `reactions_comments`
  ADD CONSTRAINT `reactions_comments_ibfk_1` FOREIGN KEY (`ID_user`) REFERENCES `user` (`ID_user`) ON DELETE CASCADE ON UPDATE CASCADE,
  ADD CONSTRAINT `reactions_comments_ibfk_2` FOREIGN KEY (`ID_type`) REFERENCES `reaction_type` (`ID_type`) ON DELETE NO ACTION ON UPDATE CASCADE,
  ADD CONSTRAINT `reactions_comments_ibfk_3` FOREIGN KEY (`ID_comment`) REFERENCES `comments` (`ID_comment`) ON DELETE CASCADE ON UPDATE CASCADE;

--
-- Filtros para la tabla `reactions_publications`
--
ALTER TABLE `reactions_publications`
  ADD CONSTRAINT `reactions_publications_ibfk_1` FOREIGN KEY (`ID_user`) REFERENCES `user` (`ID_user`) ON DELETE CASCADE ON UPDATE CASCADE,
  ADD CONSTRAINT `reactions_publications_ibfk_2` FOREIGN KEY (`ID_type`) REFERENCES `reaction_type` (`ID_type`) ON DELETE NO ACTION ON UPDATE CASCADE,
  ADD CONSTRAINT `reactions_publications_ibfk_3` FOREIGN KEY (`ID_publication`) REFERENCES `publication` (`ID_publication`) ON DELETE CASCADE ON UPDATE CASCADE;

--
-- Filtros para la tabla `topics`
--
ALTER TABLE `topics`
  ADD CONSTRAINT `topics_ibfk_1` FOREIGN KEY (`ID_user`) REFERENCES `user` (`ID_user`) ON DELETE NO ACTION ON UPDATE CASCADE;

--
-- Filtros para la tabla `user`
--
ALTER TABLE `user`
  ADD CONSTRAINT `user_ibfk_1` FOREIGN KEY (`ID_Role`) REFERENCES `role` (`ID_Role`) ON DELETE NO ACTION ON UPDATE CASCADE;
COMMIT;

/*!40101 SET CHARACTER_SET_CLIENT=@OLD_CHARACTER_SET_CLIENT */;
/*!40101 SET CHARACTER_SET_RESULTS=@OLD_CHARACTER_SET_RESULTS */;
/*!40101 SET COLLATION_CONNECTION=@OLD_COLLATION_CONNECTION */;
